<?xml version="1.0" encoding="UTF-8"?>
<addon id="plugin.video.letswrestle"
       name="Lets Wrestle"
       version="0.0.1"
       provider-name="Dread">
  <requires>
    <import addon="xbmc.python" version="2.7"/>
	<import addon="script.module.urlresolver" version="2.1.2" />
	<import addon="script.common.plugin.cache" version="2.5.5" />
	<import addon="script.module.addon.common" />
	<import addon="script.module.requests" />
	<import addon="script.module.metahandler" version="2.5.1" />
  </requires>
  <extension point="xbmc.python.pluginsource" library="default.py">
        <provides>video</provides>
  </extension>
  <extension point="xbmc.addon.metadata">
    <summary lang="en">Lets Wrestle</summary>
    <description lang="en">Lets Wrestle - Watch WWE, TNA, UFC, FCW, ROH for free.</description>
    <platform>all</platform>
  </extension>
</addon>
